Domain,Total Packets,Total Bytes,Total DNS Packets,Total DNS Bytes,Total Time,Total DNS Time,TTFB
'domain.',4,264,4,264,0.0781857967376709,0.0781857967376709,9.989738464355469e-05
'2mdn.net.',4,272,4,272,0.4595179557800293,0.4595179557800293,9.012222290039062e-05
'3gppnetwork.org.',4,300,4,300,0.11552214622497559,0.11552214622497559,0.0001220703125
'3lift.com.',13,1823,4,524,0.11950492858886719,0.04582095146179199,8.20159912109375e-05
'a-msedge.net.',6,396,4,288,0.05035400390625,0.05025196075439453,8.392333984375e-05
'a2z.com.',4,268,4,268,0.04580807685852051,0.04580807685852051,8.797645568847656e-05
'aaplimg.com.',4,284,4,284,0.10219597816467285,0.10219597816467285,8.893013000488281e-05
'adform.net.',13,1722,4,664,0.6434729099273682,0.34397006034851074,8.606910705566406e-05
'adnxs.com.',6,384,4,276,0.31569910049438477,0.3130369186401367,8.487701416015625e-05
'adobe.com.',31,7049,8,948,0.394150972366333,0.12137603759765625,8.893013000488281e-05
'www.adobe.com.',30,6846,4,1120,10.971381902694702,0.3854532241821289,5.0067901611328125e-05
'adobe.io.',17,1385,4,512,10.107184886932373,0.008729696273803711,0.00010585784912109375
'adsafeprotected.com.',18,2945,4,792,0.7558751106262207,0.31142592430114746,8.106231689453125e-05
'adsrvr.org.',90,299746,4,664,2.9288392066955566,0.09679198265075684,7.319450378417969e-05
'www.thetradedesk.com.',56,141505,4,779,0.4056239128112793,0.06333780288696289,4.601478576660156e-05
'thetradedesk.com.',26,7662,4,768,1.1263060569763184,0.010754108428955078,0.00011801719665527344
'akadns.net.',6,388,4,280,0.07607007026672363,0.045857906341552734,9.393692016601562e-05
'akamai.net.',6,388,4,280,0.12578082084655762,0.03465580940246582,8.487701416015625e-05
'akamaiedge.net.',4,296,4,296,0.3934769630432129,0.3934769630432129,8.0108642578125e-05
'akamaihd.net.',4,288,4,288,0.04428887367248535,0.04428887367248535,8.988380432128906e-05
'akamaized.net.',4,292,4,292,0.04273414611816406,0.04273414611816406,9.012222290039062e-05
'alicdn.com.',11,935,4,408,10.121695041656494,0.10423517227172852,9.417533874511719e-05
'aliyuncs.com.',15,1890,4,356,1.0505831241607666,0.21995306015014648,0.00010514259338378906
'allawnos.com.',6,396,4,288,0.3146381378173828,0.312391996383667,0.00013399124145507812
'amazon-adsystem.com.',11,1098,4,562,10.098519086837769,0.04023599624633789,7.510185241699219e-05
'amazon.com.',33,9676,8,944,1.4533028602600098,0.05410408973693848,8.797645568847656e-05
'www.amazon.com.',30,11447,4,807,1.1289730072021484,0.18157696723937988,3.695487976074219e-05
'amazon.dev.',8,496,4,280,0.20033001899719238,0.1875460147857666,0.00011110305786132812
'amazonalexa.com.',4,300,4,300,0.10562014579772949,0.10562014579772949,9.298324584960938e-05
'amazonaws.com.',11,1466,4,502,0.8061728477478027,0.29878687858581543,8.988380432128906e-05
'aws.amazon.com.',343,1067543,12,2946,4.285852909088135,0.7065439224243164,4.100799560546875e-05
'a0.awsstatic.com.',1664,19291248,4,732,16.635610103607178,0.008938074111938477,7.200241088867188e-05
'd2c.aws.amazon.com.',29,23551,4,926,1.0426452159881592,0.022559165954589844,4.315376281738281e-05
'prod.pa.cdn.uis.awsstatic.com.',35,30714,4,872,0.23093008995056152,0.01485896110534668,4.410743713378906e-05
'd1.awsstatic.com.',383,804756,4,732,2.8364500999450684,0.009716987609863281,0.00015211105346679688
'img.youtube.com.',55,80949,6,2231,0.18505406379699707,0.03463339805603027,7.510185241699219e-05
'loader.us-east-1.prod.mrc-sunrise.marketing.aws.dev.',26,17261,4,1028,0.13357090950012207,0.01200103759765625,4.38690185546875e-05
'ampproject.org.',35,15953,8,820,0.4602789878845215,0.16062593460083008,0.0007410049438476562
'www.ampproject.org.',25,8072,4,392,0.16958999633789062,0.06450581550598145,6.890296936035156e-05
'amp.dev.',86,186436,4,326,1.434023141860962,0.008707046508789062,4.601478576660156e-05
'cdn.ampproject.org.',344,1347732,4,578,4.645089149475098,0.12332701683044434,4.315376281738281e-05
'android.com.',13,1559,4,389,0.8354308605194092,0.2753448486328125,9.179115295410156e-05
'www.android.com.',107,128044,4,515,1.4968488216400146,0.017290830612182617,6.389617919921875e-05
'www.googletagmanager.com.',29,8765,4,480,0.2888190746307373,0.015480995178222656,4.291534423828125e-05
'www.gstatic.com.',46,64425,4,417,0.42910289764404297,0.00803685188293457,8.702278137207031e-05
'lh3.googleusercontent.com.',80,156925,4,670,0.5547549724578857,0.013935089111328125,4.506111145019531e-05
'kstatic.googleusercontent.com.',580,7497297,4,458,0.878032922744751,0.012206077575683594,6.29425048828125e-05
'app-analytics-services.com.',15,2969,4,494,0.2672889232635498,0.11832594871520996,6.103515625e-05
'app-measurement.com.',15,2995,4,445,0.6084067821502686,0.12618279457092285,9.489059448242188e-05
'appcenter.ms.',573,4016795,4,356,9.6010160446167,0.01635885238647461,3.0040740966796875e-05
'assets.onestore.ms.',145,413776,4,924,0.6757609844207764,0.06267404556274414,4.315376281738281e-05
'c.s-microsoft.com.',147,634703,4,890,1.967257022857666,0.16001486778259277,6.794929504394531e-05
'www.microsoft.com.',93,30425,16,3468,42.17654299736023,0.6230001449584961,4.1961669921875e-05
'apple-dns.net.',4,292,4,292,0.06617498397827148,0.06617498397827148,0.00010085105895996094
'apple.com.',13,1659,4,375,0.045022010803222656,0.008894920349121094,0.00012302398681640625
'www.apple.com.',1885,18492866,4,944,28.07182502746582,0.302030086517334,4.9114227294921875e-05
'applovin.com.',35,7894,8,848,1.2028698921203613,0.06864404678344727,6.4849853515625e-05
'www.applovin.com.',285,4109182,4,602,2.406559944152832,0.014684915542602539,7.081031799316406e-05
'cdn.fonts.net.',20,6221,4,514,0.07474994659423828,0.00787496566772461,5.698204040527344e-05
'cdnjs.cloudflare.com.',46,96661,4,584,0.09399700164794922,0.00793313980102539,3.814697265625e-05
'ajax.googleapis.com.',70,215136,4,445,0.22658991813659668,0.00954890251159668,7.700920104980469e-05
'fonts.googleapis.com.',24,10822,4,452,0.28388309478759766,0.00921320915222168,0.00011706352233886719
'appsflyer.com.',13,1383,4,432,0.4805631637573242,0.015109062194824219,5.91278076171875e-05
'www.appsflyer.com.',78,196164,4,620,0.41777610778808594,0.04201698303222656,4.8160552978515625e-05
'cdn.cookielaw.org.',29,28409,4,554,0.22564697265625,0.010825872421264648,3.814697265625e-05
'appsflyersdk.com.',8,520,4,304,0.24714398384094238,0.21833515167236328,7.319450378417969e-05
'atomile.com.',4,284,4,284,1.0955889225006104,1.0955889225006104,8.20159912109375e-05
'avast.com.',11,1521,4,412,2.157589912414551,0.03692197799682617,0.00011610984802246094
'www.avast.com.',54,137415,8,1464,0.9207229614257812,0.2689509391784668,4.601478576660156e-05
'static3.avast.com.',414,857254,4,626,22.13571000099182,0.017440080642700195,3.910064697265625e-05
'assets.adobedtm.com.',44,88211,4,796,0.770805835723877,0.2795908451080322,4.696846008300781e-05
'static.avast.com.',22,6921,4,760,1.0358209609985352,0.2880730628967285,8.702278137207031e-05
'4711400.fls.doubleclick.net.',28,8431,4,562,1.1939630508422852,0.39902710914611816,5.507469177246094e-05
'avcdn.net.',4,276,4,276,0.04111790657043457,0.04111790657043457,8.296966552734375e-05
'azure.com.',16,1604,4,586,0.651871919631958,0.144927978515625,8.893013000488281e-05
'azure.microsoft.com.',78,156867,4,982,0.5421161651611328,0.033215999603271484,5.507469177246094e-05
'play.vidyard.com.',23,6402,4,512,1.0290729999542236,0.02825188636779785,5.5789947509765625e-05
'img-prod-cms-rt-microsoft-com.akamaized.net.',31,22844,4,846,0.15706205368041992,0.0060939788818359375,7.605552673339844e-05
'cdn-dynmedia-1.microsoft.com.',24,8982,4,968,0.15004587173461914,0.0580899715423584,6.008148193359375e-05
'wcpstatic.microsoft.com.',45,62890,4,764,0.34072208404541016,0.06342792510986328,6.389617919921875e-05
'cdn.botframework.com.',340,4038063,4,646,0.5850498676300049,0.26592493057250977,3.3855438232421875e-05
'azureedge.net.',9,586,4,292,0.0682840347290039,0.0514218807220459,8.392333984375e-05
'baidu.com.',31,2742,4,400,20.938287019729614,0.4440438747406006,4.696846008300781e-05
'bidswitch.net.',12,946,4,362,0.5385129451751709,0.4995851516723633,5.1975250244140625e-05
'bing.com.',11,1179,4,428,0.21265602111816406,0.16649699211120605,6.318092346191406e-05
'www.bing.com.',230,446442,12,2828,6.571969985961914,0.2528409957885742,6.508827209472656e-05
'branch.io.',31,10427,8,1640,0.2382810115814209,0.10762906074523926,4.410743713378906e-05
'www.branch.io.',78,62536,4,584,0.9147799015045166,0.03345489501953125,6.604194641113281e-05
'www2.branch.io.',6,686,4,578,0.021322965621948242,0.00416111946105957,5.602836608886719e-05
'rum-static.pingdom.net.',24,12446,4,742,0.7019908428192139,0.008317947387695312,4.792213439941406e-05
'fonts.gstatic.com.',1787,20888134,4,431,4.124874830245972,0.009495973587036133,4.00543212890625e-05
'bytefcdn-oversea.com.',6,428,4,320,0.06409788131713867,0.054634809494018555,4.482269287109375e-05
'bytefcdn-ttpeu.com.',4,312,4,312,0.3351449966430664,0.3351449966430664,5.602836608886719e-05
'byteoversea.com.',4,300,4,300,0.33524608612060547,0.33524608612060547,8.606910705566406e-05
'byteoversea.net.',4,300,4,300,0.37599778175354004,0.37599778175354004,9.489059448242188e-05
'capcutapi.com.',4,292,4,292,0.3927958011627197,0.3927958011627197,0.00010895729064941406
'casalemedia.com.',12,3930,4,448,0.768805980682373,0.040689945220947266,5.4836273193359375e-05
'cdn-apple.com.',4,292,4,292,0.06202101707458496,0.06202101707458496,5.507469177246094e-05
'cdn77.org.',4,276,4,276,0.1724231243133545,0.1724231243133545,5.91278076171875e-05
'cdninstagram.com.',4,304,4,304,0.30791401863098145,0.30791401863098145,5.602836608886719e-05
'clarity.ms.',16,3987,4,408,0.4861898422241211,0.03041696548461914,5.793571472167969e-05
'cloudflare-dns.com.',32,8386,8,1128,0.15089106559753418,0.05981016159057617,5.316734313964844e-05
'one.one.one.one.',38,2906,4,534,40.18429899215698,0.16646099090576172,9.584426879882812e-05
'cloudflare.com.',15,2371,4,524,0.34365296363830566,0.2894625663757324,8.678436279296875e-05
'www.cloudflare.com.',160,1645531,4,564,0.4264400005340576,0.010259866714477539,4.1961669921875e-05
'performance.radar.cloudflare.com.',21,8855,4,704,0.07636499404907227,0.013273954391479492,4.696846008300781e-05
'cf-assets.www.cloudflare.com.',192,618453,4,664,1.3713891506195068,0.008903980255126953,8.296966552734375e-05
'cloudflare.net.',19,10412,4,524,0.18164610862731934,0.02861499786376953,6.604194641113281e-05
'cloudfront.net.',4,296,4,296,0.029278039932250977,0.029278039932250977,9.298324584960938e-05
'crashlytics.com.',11,1490,4,374,0.3101019859313965,0.08701705932617188,7.987022399902344e-05
'firebase.google.com.',3381,10139125,352,39160,124.46697807312012,1.22430419921875,5.1975250244140625e-05
'creativecdn.com.',13,1014,4,374,10.041260957717896,0.023123979568481445,5.888938903808594e-05
'criteo.com.',33,7716,8,840,0.6146409511566162,0.3807950019836426,0.00010609626770019531
'www.criteo.com.',146,711428,4,512,2.5673980712890625,0.009728193283081055,4.315376281738281e-05
'www2.criteo.com.',99,362703,4,788,1.6225030422210693,0.11853599548339844,6.604194641113281e-05
'tree-nation.com.',32,19235,4,596,0.8657341003417969,0.008233070373535156,3.2901763916015625e-05
'cdn.jsdelivr.net.',34,53582,4,788,0.342393159866333,0.26851701736450195,3.910064697265625e-05
'code.jquery.com.',60,50807,4,768,0.3959500789642334,0.009958028793334961,5.817413330078125e-05
'storage.pardot.com.',192,1719038,4,926,2.8461198806762695,0.013496875762939453,5.602836608886719e-05
'criteo.net.',35,7111,8,764,1.1975951194763184,0.1246180534362793,7.700920104980469e-05
'demdex.net.',6,388,4,280,0.04659581184387207,0.04580283164978027,0.00014090538024902344
'digicert.com.',38,7914,8,848,1.398625135421753,0.07008695602416992,0.0001010894775390625
'www.digicert.com.',414,1141736,4,496,24.89446210861206,0.1085360050201416,4.696846008300781e-05
'static.ada.support.',31,15794,4,632,0.06178998947143555,0.012481927871704102,4.100799560546875e-05
'c.la3-c1-ia5.salesforceliveagent.com.',43,51223,4,1100,2.2212090492248535,0.33758091926574707,6.604194641113281e-05
'dns.google.',16,1305,4,484,10.398431062698364,0.3733079433441162,5.3882598876953125e-05
'dotomi.com.',36,8012,8,816,3.490823984146118,0.348308801651001,9.393692016601562e-05
'www.epsilon.com.',186,1197723,4,718,2.5824368000030518,0.005822896957397461,4.482269287109375e-05
'static.hsappstatic.net.',27,21430,4,798,0.07286190986633301,0.009102106094360352,7.104873657226562e-05
'www.google.com.',31,11056,4,410,1.0184459686279297,0.0066759586334228516,4.1961669921875e-05
'doubleclick.net.',15,1814,4,417,0.7590398788452148,0.21486186981201172,7.891654968261719e-05
'marketingplatform.google.com.',25,11735,4,508,0.21984386444091797,0.008243799209594727,5.4836273193359375e-05
'www.googleadservices.com.',25,7710,4,428,0.3756730556488037,0.06758880615234375,4.887580871582031e-05
'doubleverify.com.',1479,8514503,4,380,87.9781551361084,0.008739233016967773,7.605552673339844e-05
'consent.trustarc.com.',37,44927,4,656,0.3083169460296631,0.008559942245483398,4.00543212890625e-05
'stats.wp.com.',27,6705,4,356,0.7610950469970703,0.053056955337524414,5.793571472167969e-05
'secure.gravatar.com.',50,90423,4,445,0.754492998123169,0.012130975723266602,4.601478576660156e-05
'douyincdn.com.',6,400,4,292,0.4140610694885254,0.4052751064300537,7.891654968261719e-05
'dropbox.com.',30,7272,8,778,0.8573808670043945,0.08564615249633789,8.606910705566406e-05
'www.dropbox.com.',22,6975,4,545,1.0246310234069824,0.3527522087097168,4.7206878662109375e-05
'cfl.dropboxstatic.com.',3800,22911878,4,858,263.5975720882416,0.004953145980834961,6.198883056640625e-05
'fjord.dropboxstatic.com.',3242,21702140,4,692,117.5891420841217,0.029931068420410156,3.1948089599609375e-05
'aem.dropbox.com.',919,8933942,4,596,1.692155122756958,0.028858184814453125,7.605552673339844e-05
'edgekey.net.',6,392,4,284,0.37049102783203125,0.3609740734100342,5.602836608886719e-05
'epicgames.com.',11,1369,4,502,0.7374868392944336,0.2860448360443115,5.4836273193359375e-05
'www.epicgames.com.',30,32685,4,822,0.1667180061340332,0.07085609436035156,4.601478576660156e-05
'example.com.',13,2618,4,389,0.46898388862609863,0.0235750675201416,4.601478576660156e-05
'facebook.com.',36,7257,8,792,0.29462122917175293,0.06607341766357422,5.221366882324219e-05
'www.facebook.com.',89,86428,4,571,1.1980259418487549,0.24770426750183105,4.410743713378906e-05
'facebook.net.',6,396,4,288,0.08745694160461426,0.07806086540222168,6.985664367675781e-05
'fastly.net.',14,1657,4,688,0.16392302513122559,0.047276973724365234,5.793571472167969e-05
'www.fastly.com.',982,12606844,4,594,11.919426918029785,0.017704010009765625,4.696846008300781e-05
'images.ctfassets.net.',128,229099,4,939,2.856642961502075,0.021553993225097656,5.1975250244140625e-05
'fbcdn.net.',39,7639,8,750,0.30902695655822754,0.03525996208190918,6.103515625e-05
'firetvcaptiveportal.com.',15,1712,4,755,0.07104206085205078,0.020627975463867188,5.1975250244140625e-05
'gamepass.com.',13,1464,4,628,0.3972301483154297,0.10834693908691406,8.392333984375e-05
'www.xbox.com.',114,309418,4,734,0.7138838768005371,0.20511198043823242,4.482269287109375e-05
'assets-www.xbox.com.',539,4871728,4,784,2.2418220043182373,0.016257047653198242,4.100799560546875e-05
'mwf-service.akamaized.net.',26,6842,4,538,1.2312040328979492,0.0821237564086914,4.38690185546875e-05
'assets.xboxservices.com.',29,10028,4,812,0.4403810501098633,0.3606441020965576,3.0994415283203125e-05
'mem.gfx.ms.',33,40764,4,978,0.8371708393096924,0.4583549499511719,8.392333984375e-05
'ggpht.com.',6,384,4,276,0.2685129642486572,0.26017189025878906,9.799003601074219e-05
'gmail.com.',11,1507,4,375,0.5705080032348633,0.1011199951171875,8.106231689453125e-05
'mail.google.com.',20,7430,4,417,0.4269068241119385,0.0807948112487793,4.982948303222656e-05
'accounts.google.com.',345,498562,4,445,2.5014140605926514,0.007681131362915039,4.100799560546875e-05
'ssl.gstatic.com.',27,11521,4,417,0.1601099967956543,0.008125066757202148,4.410743713378906e-05
'go-mpulse.net.',8,508,4,292,0.051622867584228516,0.0210878849029541,8.702278137207031e-05
'google-analytics.com.',11,1573,4,452,0.2263929843902588,0.13181495666503906,0.000102996826171875
'google.com.',15,1898,4,382,0.45763611793518066,0.008680105209350586,8.106231689453125e-05
'google.com.br.',11,1712,4,403,0.9461238384246826,0.08405399322509766,9.298324584960938e-05
'www.google.com.br.',51,58831,8,862,0.9429559707641602,0.1161339282989502,7.700920104980469e-05
'googleadservices.com.',17,3063,4,404,0.796205997467041,0.18229198455810547,3.0994415283203125e-05
'googleapis.com.',13,2765,4,410,0.8270978927612305,0.2615549564361572,0.00011086463928222656
'googlesyndication.com.',13,1570,4,459,0.18516087532043457,0.09106087684631348,0.00011086463928222656
'googletagmanager.com.',15,2940,4,452,0.2185649871826172,0.12350702285766602,9.393692016601562e-05
'googletagservices.com.',6,432,4,324,0.11444592475891113,0.11333680152893066,0.00011897087097167969
'googleusercontent.com.',13,2926,4,459,0.2529878616333008,0.1045219898223877,0.00011181831359863281
'googlevideo.com.',13,1645,4,417,0.7852518558502197,0.28648900985717773,8.58306884765625e-05
'video.google.com.',17,2480,8,1052,0.6287209987640381,0.1822810173034668,9.703636169433594e-05
'gstatic.com.',13,1612,4,389,0.1334080696105957,0.10388398170471191,8.797645568847656e-05
'gvt1.com.',8,488,4,272,0.10829305648803711,0.10719799995422363,0.00011086463928222656
'gvt2.com.',4,272,4,272,0.09127497673034668,0.09127497673034668,9.298324584960938e-05
'heytapdl.com.',4,288,4,288,0.29555583000183105,0.29555583000183105,8.392333984375e-05
'ibyteimg.com.',4,288,4,288,0.03301596641540527,0.03301596641540527,8.392333984375e-05
'icloud.com.',29,7074,8,764,0.13483691215515137,0.05436897277832031,6.008148193359375e-05
'www.icloud.com.',397,3832316,4,890,1.3599939346313477,0.0723721981048584,3.910064697265625e-05
'id5-sync.com.',42,8820,8,1936,1.0518498420715332,0.06797099113464355,9.489059448242188e-05
'console.id5.io.',39,14402,4,1034,0.9985599517822266,0.28516197204589844,0.00011205673217773438
'inmobi.com.',37,10539,8,688,2.1126880645751953,0.1812140941619873,8.702278137207031e-05
'www.inmobi.com.',202,1102538,4,504,4.7641520500183105,0.012709856033325195,5.1021575927734375e-05
'web.inmobicdn.net.',172,754533,4,878,0.6721060276031494,0.02678513526916504,7.009506225585938e-05
'googleads.g.doubleclick.net.',25,8969,4,501,0.4420959949493408,0.07288122177124023,5.91278076171875e-05
'www.google.co.in.',24,8076,4,424,0.6136729717254639,0.14019513130187988,5.1021575927734375e-05
'inner-active.mobi.',17,1814,4,464,0.4191420078277588,0.05920600891113281,8.797645568847656e-05
'instagram.com.',34,7012,8,806,0.2823300361633301,0.0676419734954834,0.000102996826171875
'www.instagram.com.',27,6656,4,612,0.23748397827148438,0.04619598388671875,5.2928924560546875e-05
'isnssdk.com.',6,392,4,284,0.030959129333496094,0.0074541568756103516,8.702278137207031e-05
'jsdelivr.net.',11,885,4,356,10.05085301399231,0.03345203399658203,9.202957153320312e-05
'kwai.net.',15,1049,4,332,10.459747076034546,0.43260717391967773,8.0108642578125e-05
'launchdarkly.com.',1240,12380942,4,380,4.111128091812134,0.012389898300170898,5.2928924560546875e-05
'consent.cookiebot.com.',60,121727,4,926,0.2192850112915039,0.06410908699035645,4.1961669921875e-05
'client-registry.mutinycdn.com.',45,73226,4,578,1.2788691520690918,0.022709131240844727,8.606910705566406e-05
'images.prismic.io.',60,175343,4,852,0.40830397605895996,0.0448911190032959,8.106231689453125e-05
'launchdarkly-marketingsite.cdn.prismic.io.',25,10521,4,1041,1.009979009628296,0.015241861343383789,4.482269287109375e-05
'bat.bing.com.',33,10499,4,816,0.31489086151123047,0.03815197944641113,4.601478576660156e-05
'www.msn.com.',31,19953,4,606,0.10682916641235352,0.02384328842163086,5.91278076171875e-05
'lencr.org.',32,7856,8,948,0.872844934463501,0.06488656997680664,5.3882598876953125e-05
'letsencrypt.org.',326,2014106,4,534,9.215798139572144,0.013695001602172852,0.0001399517059326172
'outreach.abetterinternet.org.',98,395146,4,798,1.9433090686798096,0.06794214248657227,6.604194641113281e-05
'liadm.com.',4,276,4,276,0.11330103874206543,0.11330103874206543,8.797645568847656e-05
'lijit.com.',6,592,4,484,0.14620304107666016,0.0587010383605957,8.797645568847656e-05
'linkedin.com.',11,1291,4,396,0.3293030261993408,0.06181502342224121,0.00012803077697753906
'www.linkedin.com.',71,259063,4,889,1.2868740558624268,0.0584259033203125,4.887580871582031e-05
'live.com.',13,1200,4,332,0.05730390548706055,0.015079021453857422,0.00012803077697753906
'outlook.live.com.',23,10853,4,961,1.4260239601135254,0.20019984245300293,5.412101745605469e-05
'media-amazon.com.',4,304,4,304,0.10072684288024902,0.10072684288024902,0.00010180473327636719
'media.net.',13,1482,4,338,0.902277946472168,0.2130730152130127,8.893013000488281e-05
'www.media.net.',60,144919,8,972,2.559032917022705,0.29099607467651367,7.987022399902344e-05
's31073.pcdn.co.',218,609521,4,584,21.066077947616577,0.01655411720275879,6.103515625e-05
'microsoft.com.',15,1783,4,847,0.6728789806365967,0.23607397079467773,8.606910705566406e-05
'microsoftonline.com.',6,424,4,316,0.11105203628540039,0.10919404029846191,8.392333984375e-05
'mikrotik.com.',377,1741896,4,396,7.285966157913208,0.008254051208496094,4.410743713378906e-05
'i.ytimg.com.',33,11148,6,2166,0.21863389015197754,0.01910877227783203,8.988380432128906e-05
'i.mt.lv.',99,611310,4,547,1.576490879058838,0.009407997131347656,9.298324584960938e-05
'miui.com.',16,1509,4,332,0.8342819213867188,0.031224966049194336,9.107589721679688e-05
'home.miui.com.',210,682595,4,1064,6.779989957809448,0.017899036407470703,5.1021575927734375e-05
'cia.sec.miui.com.',37,38669,4,1038,2.5582170486450195,1.2384350299835205,5.698204040527344e-05
'font.sec.miui.com.',123,422511,4,682,2.3197760581970215,0.014688968658447266,5.602836608886719e-05
'msedge.net.',16,1165,4,344,10.052479028701782,0.03517794609069824,0.00011086463928222656
'msftconnecttest.com.',6,424,4,316,0.0345461368560791,0.03131508827209473,9.202957153320312e-05
'msftncsi.com.',4,288,4,288,0.036711931228637695,0.036711931228637695,8.702278137207031e-05
'msn.com.',33,8789,8,652,0.5002331733703613,0.12856125831604004,8.916854858398438e-05
'assets.msn.com.',563,1481765,4,914,3.2928950786590576,0.034368038177490234,4.410743713378906e-05
'mtgglobals.com.',4,296,4,296,0.029978036880493164,0.029978036880493164,8.893013000488281e-05
'mzstatic.com.',16,1350,4,356,0.529217004776001,0.026960134506225586,7.510185241699219e-05
'netflix.com.',36,9042,8,1198,1.1038579940795898,0.03614187240600586,8.797645568847656e-05
'www.netflix.com.',330,1823397,4,806,3.221518039703369,0.12290096282958984,4.291534423828125e-05
'nflximg.com.',13,986,4,350,10.179311990737915,0.0066149234771728516,8.487701416015625e-05
'nflxso.net.',6,388,4,280,0.03482413291931152,0.03218507766723633,8.511543273925781e-05
'nist.gov.',14,1160,4,368,0.4981358051300049,0.028438806533813477,0.00012993812561035156
'www.nist.gov.',930,3974194,8,1496,63.28154397010803,0.1257317066192627,4.1961669921875e-05
'time.gov.',116,130783,16,1856,4.521914958953857,0.03892993927001953,4.9114227294921875e-05
'siteimproveanalytics.com.',47,44776,4,624,20.61585283279419,0.008765935897827148,3.886222839355469e-05
'nr-data.net.',9,585,4,284,0.2950470447540283,0.011911153793334961,6.318092346191406e-05
'ntp.org.',15,10180,4,384,0.5978760719299316,0.03851795196533203,8.511543273925781e-05
'www.ntp.org.',40,10565,4,416,2.6601269245147705,0.010304927825927734,4.1961669921875e-05
'cse.google.com.',25,19181,4,410,0.40880489349365234,0.008327007293701172,4.696846008300781e-05
'nwtime.org.',30,13072,4,446,1.4332869052886963,0.009731769561767578,6.389617919921875e-05
'office.com.',26,8426,4,382,0.09662199020385742,0.02496194839477539,4.887580871582031e-05
'www.office.com.',28,9226,4,815,0.14710187911987305,0.0552668571472168,7.486343383789062e-05
'res.cdn.office.net.',177,305603,4,1050,7.2808520793914795,0.22244596481323242,7.200241088867188e-05
'office.net.',4,280,4,280,0.031942129135131836,0.031942129135131836,8.797645568847656e-05
'office365.com.',16,1554,4,432,0.5627799034118652,0.05915093421936035,0.00010895729064941406
'one.one.',13,1278,4,419,1.5520031452178955,1.1431620121002197,0.00017404556274414062
'www.one.com.',83,227077,4,455,1.8212718963623047,0.011034965515136719,4.696846008300781e-05
'www-static.cdn-one.com.',332,1124667,4,642,8.844331979751587,0.017843008041381836,5.2928924560546875e-05
'openx.net.',14,2123,4,400,0.08024287223815918,0.029000043869018555,7.605552673339844e-05
'ssl-i.cdn.openx.com.',33,3022,8,796,0.11942100524902344,0.01433706283569336,4.8160552978515625e-05
'opera.com.',31,6539,8,800,0.934777021408081,0.22313594818115234,8.893013000488281e-05
'www.opera.com.',24,6963,4,746,0.5478520393371582,0.02072906494140625,5.1975250244140625e-05
'cdn-production-opera-website.operacdn.com.',424,1352348,4,1010,5.904209852218628,0.026460886001586914,3.886222839355469e-05
'dc.ads.linkedin.com.',29,9262,4,991,0.40885496139526367,0.02993297576904297,3.910064697265625e-05
'outbrain.com.',16,1269,4,356,0.5829460620880127,0.06394124031066895,0.00010418891906738281
'www.outbrain.com.',1154,10725681,12,1820,22.1503689289093,0.10021138191223145,4.076957702636719e-05
'use.typekit.net.',258,1725167,4,756,0.9092600345611572,0.0269930362701416,4.00543212890625e-05
'fast.wistia.com.',25,13726,4,829,0.2654850482940674,0.018873214721679688,4.9114227294921875e-05
'p.typekit.net.',24,8072,4,750,0.11988306045532227,0.025158166885375977,4.00543212890625e-05
'outlook.com.',42,9999,8,1756,1.8276541233062744,0.09788894653320312,5.602836608886719e-05
'www.outlook.com.',24,7559,4,784,1.5777299404144287,0.41818809509277344,1.5020370483398438e-05
'pangle.io.',6,384,4,276,0.3673889636993408,0.1312580108642578,0.00011301040649414062
'pki.goog.',75,244174,4,368,0.25821518898010254,0.009133100509643555,5.1975250244140625e-05
'playstation.net.',6,408,4,300,0.09418511390686035,0.08085322380065918,9.703636169433594e-05
'pubmatic.com.',262,1139340,4,356,9.458964824676514,0.008210897445678711,4.792213439941406e-05
'analytics.twitter.com.',24,6978,4,490,0.5185849666595459,0.023247957229614258,4.506111145019531e-05
't.co.',24,7107,4,308,0.3514900207519531,0.029036998748779297,4.506111145019531e-05
'px.ads.linkedin.com.',28,8718,4,549,0.5926330089569092,0.030566930770874023,2.9802322387695312e-05
'player.vimeo.com.',31,10457,4,662,0.3798220157623291,0.00425410270690918,4.601478576660156e-05
'oag.ca.gov.',24,7995,4,344,1.0692369937896729,0.008439064025878906,4.506111145019531e-05
'i.vimeocdn.com.',24,9134,4,728,0.11047506332397461,0.037116050720214844,4.506111145019531e-05
'qlivecdn.com.',6,396,4,288,0.12107300758361816,0.11422204971313477,0.00010800361633300781
'qq.com.',33,2876,4,432,20.414608001708984,0.2444629669189453,8.392333984375e-05
'quantserve.com.',38,7284,8,1024,1.7118229866027832,0.10934805870056152,0.00016808509826660156
'rbxcdn.com.',4,280,4,280,0.20821690559387207,0.20821690559387207,8.106231689453125e-05
'reddit.com.',43,9792,8,1376,0.16132307052612305,0.07291007041931152,9.512901306152344e-05
'www.reddit.com.',23,8525,4,480,0.44014596939086914,0.14418697357177734,5.984306335449219e-05
'ring.com.',96,259203,8,904,4.517688989639282,0.09804821014404297,9.012222290039062e-05
'd39xvdj9d5ntm1.cloudfront.net.',60,21918,4,872,9.444751977920532,0.08859014511108398,7.915496826171875e-05
'cdn.optimizely.com.',73,304666,4,564,0.4082059860229492,0.009325981140136719,4.601478576660156e-05
'services.xg4ken.com.',26,19378,4,912,0.695706844329834,0.03912496566772461,4.482269287109375e-05
'events.xg4ken.com.',26,8757,4,716,0.9495360851287842,0.0873100757598877,4.9114227294921875e-05
's.amazon-adsystem.com.',6,664,4,556,0.02024102210998535,0.005126953125,5.1975250244140625e-05
'bs.serving-sys.com.',28,9254,4,1192,0.47340893745422363,0.40448999404907227,4.410743713378906e-05
'd2a12jsx2jznj5.cloudfront.net.',97,306971,4,872,1.9476878643035889,0.010303974151611328,5.793571472167969e-05
'videos.ctfassets.net.',131,1142621,4,656,0.22818207740783691,0.021709918975830078,5.0067901611328125e-05
'static.ring.com.',386,3186159,4,917,25.385703086853027,0.019262075424194336,4.601478576660156e-05
'rc3.ring.com.',27,9820,4,560,1.1507089138031006,0.2125530242919922,4.696846008300781e-05
'rlcdn.com.',6,384,4,276,0.301285982131958,0.28946805000305176,5.1021575927734375e-05
'roblox.com.',25,9142,4,344,0.43201589584350586,0.00925898551940918,4.291534423828125e-05
'www.roblox.com.',30,11998,4,667,0.8316059112548828,0.05113506317138672,4.100799560546875e-05
'images.rbxcdn.com.',578,2995290,4,1042,49.68911600112915,0.06670904159545898,5.412101745605469e-05
'css.rbxcdn.com.',30,19906,4,1099,1.842574119567871,0.6552469730377197,8.416175842285156e-05
'static.rbxcdn.com.',24,9478,4,1033,0.8154640197753906,0.042140960693359375,6.699562072753906e-05
'js.rbxcdn.com.',789,4970616,4,940,4.843145132064819,0.04357624053955078,3.910064697265625e-05
'rocket-cdn.com.',6,404,4,296,0.28316211700439453,0.2167501449584961,8.511543273925781e-05
'roku.com.',11,1958,4,392,0.5978291034698486,0.1093900203704834,8.916854858398438e-05
'www.roku.com.',162,1391871,4,732,1.3324627876281738,0.08011269569396973,5.984306335449219e-05
'root-servers.net.',6,412,4,304,0.09396886825561523,0.08559775352478027,0.00012087821960449219
'rubiconproject.com.',4,538,4,538,0.04557299613952637,0.04557299613952637,8.082389831542969e-05
'samsung.com.',13,1474,4,350,0.6616501808166504,0.23398518562316895,8.106231689453125e-05
'www.samsung.com.',28,10034,4,798,0.5053608417510986,0.3036940097808838,4.887580871582031e-05
'samsungcloud.com.',11,706,4,304,0.03776097297668457,0.03544902801513672,9.512901306152344e-05
'samsungcloudsolution.com.',4,336,4,336,0.04395294189453125,0.04395294189453125,0.0001327991485595703
'samsungqbe.com.',4,296,4,296,0.04151201248168945,0.04151201248168945,7.510185241699219e-05
'sc-cdn.net.',4,280,4,280,0.040728092193603516,0.040728092193603516,0.00011205673217773438
'scorecardresearch.com.',33,9578,8,820,1.6714661121368408,0.07679629325866699,8.702278137207031e-05
'www.scorecardresearch.com.',60,31283,4,434,3.6659882068634033,0.01067805290222168,5.412101745605469e-05
'sb.scorecardresearch.com.',30,8829,4,704,0.9632019996643066,0.0011219978332519531,5.888938903808594e-05
'sentry.io.',29,16847,4,338,0.36881017684936523,0.01042318344116211,4.220008850097656e-05
'plausible.io.',23,11130,4,356,1.170990228652954,0.3137221336364746,6.914138793945312e-05
'www.sentry.dev.',1387,10645975,4,440,21.78740620613098,0.01173710823059082,3.910064697265625e-05
'shalltry.com.',15,1953,4,560,1.3222639560699463,0.2849600315093994,0.00013303756713867188
'sharepoint.com.',13,1316,4,440,0.4418630599975586,0.24969100952148438,6.29425048828125e-05
'aka.office.com.',27,7739,4,616,0.49961113929748535,0.12435293197631836,1.0967254638671875e-05
'products.office.com.',27,8088,4,956,0.21592998504638672,0.0562589168548584,2.193450927734375e-05
'sharethrough.com.',43,8247,8,912,0.4552919864654541,0.035927772521972656,9.393692016601562e-05
'www.sharethrough.com.',40,50835,4,720,0.38300609588623047,0.022716999053955078,5.793571472167969e-05
'cdn.prod.website-files.com.',5878,69656781,4,644,86.98332190513611,0.0009949207305908203,0.00010895729064941406
'cdn.weglot.com.',52,146743,4,760,0.16481304168701172,0.04652905464172363,4.601478576660156e-05
'cmp.uniconsent.com.',61,243002,4,564,0.7223169803619385,0.00634002685546875,4.100799560546875e-05
'secure.kick1pore.com.',48,32356,8,1184,0.93454909324646,0.03655195236206055,5.507469177246094e-05
'assets.sharethrough.com.',245,1453662,4,957,2.0248570442199707,0.018630027770996094,0.00010609626770019531
'd3e54v103j8qbb.cloudfront.net.',31,20384,4,764,1.0386950969696045,0.010947942733764648,4.9114227294921875e-05
'skype.com.',13,1591,4,771,0.39077186584472656,0.05870413780212402,8.606910705566406e-05
'www.skype.com.',54,112967,4,725,0.7706317901611328,0.32317185401916504,4.696846008300781e-05
'js.monitor.azure.com.',68,153402,4,991,0.41835808753967285,0.028262853622436523,4.1961669921875e-05
'secure.skypeassets.com.',258,565698,4,614,14.572498083114624,0.03553915023803711,7.009506225585938e-05
'smartadserver.com.',16,1411,4,386,0.2118520736694336,0.007915019989013672,0.00013303756713867188
'equativ.com.',171,783743,4,350,4.417060136795044,0.01141810417175293,4.315376281738281e-05
'cdn1.iconfinder.com.',22,7174,4,574,0.08306598663330078,0.011377096176147461,6.008148193359375e-05
'www.iconfinder.com.',23,6896,4,564,0.1670379638671875,0.08202695846557617,4.982948303222656e-05
'snapchat.com.',36,8028,8,712,0.24539995193481445,0.07130908966064453,8.20159912109375e-05
'www.snapchat.com.',65,134308,4,616,0.9664919376373291,0.089080810546875,5.2928924560546875e-05
'static.snapchat.com.',1839,18177094,4,937,117.00600290298462,0.019574880599975586,5.602836608886719e-05
'www.google-analytics.com.',44,63162,4,622,0.15459203720092773,0.01918506622314453,4.410743713378906e-05
'spotify.com.',13,1183,4,389,0.17807316780090332,0.0205991268157959,9.918212890625e-05
'www.spotify.com.',20,6468,4,580,0.22733092308044434,0.06046891212463379,4.792213439941406e-05
'open.spotify.com.',74,189785,4,566,1.095339059829712,0.052120208740234375,5.507469177246094e-05
'open.spotifycdn.com.',450,845323,4,692,2.532545804977417,0.26056599617004395,8.988380432128906e-05
'www.googleoptimize.com.',96,200406,4,466,2.0576858520507812,0.008679866790771484,5.888938903808594e-05
'i.scdn.co.',503,716971,4,1101,6.572494029998779,0.01954483985900879,4.38690185546875e-05
'pickasso.spotifycdn.com.',393,536272,4,633,9.506937980651855,0.2644309997558594,6.008148193359375e-05
'charts-images.scdn.co.',110,202348,4,668,1.7569420337677002,0.01933598518371582,6.604194641113281e-05
'taboola.com.',14,1913,4,860,0.1400129795074463,0.10746884346008301,8.20159912109375e-05
'www.taboola.com.',61,28573,4,514,5.7284629344940186,0.07179594039916992,7.104873657226562e-05
'helpersng.taboola.com.',791,6527086,4,550,46.45211601257324,0.0228269100189209,6.103515625e-05
'taobao.com.',38,16707,8,1872,2.755842924118042,0.25481271743774414,7.200241088867188e-05
'www.taobao.com.',121,860538,4,768,5.222552061080933,2.015308141708374,5.0067901611328125e-05
'g.alicdn.com.',254,1969729,4,838,8.333827018737793,0.019359111785888672,4.410743713378906e-05
'o.alicdn.com.',54,107088,4,584,0.13953185081481934,0.03180694580078125,0.00011086463928222656
'at.alicdn.com.',76,75057,4,746,2.273332118988037,0.4339151382446289,0.0001220703125
'gw.alicdn.com.',40,17357,4,818,2.050511121749878,0.03038501739501953,5.602836608886719e-05
'img.alicdn.com.',37,14203,4,962,1.6463401317596436,1.0072412490844727,7.414817810058594e-05
'teads.tv.',13,1430,4,452,0.39667701721191406,0.008260011672973633,5.1021575927734375e-05
'cdn.teads.tv.',32,16988,4,600,2.7438879013061523,0.19041895866394043,4.696846008300781e-05
'tiktok.com.',38,8018,8,1072,0.26164817810058594,0.06781291961669922,6.699562072753906e-05
'www.tiktok.com.',74,151214,4,1085,1.4557900428771973,0.21805691719055176,5.602836608886719e-05
'sf16-website-login.neutral.ttwstatic.com.',281,1454674,4,960,1.8862881660461426,0.07598400115966797,8.0108642578125e-05
'lf16-tiktok-common.ibytedtos.com.',558,2834271,4,862,17.760689973831177,0.1340939998626709,4.38690185546875e-05
'tiktokcdn-us.com.',9,598,4,304,0.1120750904083252,0.07490825653076172,8.702278137207031e-05
'tiktokcdn.com.',4,292,4,292,0.18093204498291016,0.18093204498291016,0.00011086463928222656
'tiktokv.com.',33,8827,8,1756,0.5992028713226318,0.21507692337036133,0.000102996826171875
'tiktokv.us.',6,388,4,280,0.060426950454711914,0.05972599983215332,9.107589721679688e-05
'tp-link.com.',39,11067,8,1720,0.47301506996154785,0.051891326904296875,9.202957153320312e-05
'www.tp-link.com.',172,218940,4,760,2.5333070755004883,0.2566070556640625,7.009506225585938e-05
'static.tp-link.com.',1208,6235432,4,784,113.57874798774719,0.009979009628295898,4.792213439941406e-05
'trafficmanager.net.',6,420,4,312,0.10021305084228516,0.012588977813720703,7.605552673339844e-05
'ttlivecdn.com.',4,292,4,292,0.302825927734375,0.302825927734375,9.298324584960938e-05
'twimg.com.',4,276,4,276,0.3042471408843994,0.3042471408843994,0.0001010894775390625
'twitter.com.',33,13431,8,700,1.2137088775634766,0.06960916519165039,7.390975952148438e-05
'x.com.',39,17851,4,476,1.2320349216461182,0.06394076347351074,7.486343383789062e-05
'ubuntu.com.',23,8426,4,586,0.4600369930267334,0.012637853622436523,4.38690185546875e-05
'assets.ubuntu.com.',836,6004380,4,677,7.020534038543701,0.256756067276001,4.8160552978515625e-05
'res.cloudinary.com.',91,490542,4,824,2.142016887664795,0.021274089813232422,4.506111145019531e-05
'10451423.fls.doubleclick.net.',29,8494,4,568,0.5237109661102295,0.13835597038269043,4.100799560546875e-05
'ui.com.',357,1501748,4,760,10.761071920394897,0.009459972381591797,8.392333984375e-05
'unity3d.com.',15,1663,4,350,0.5049359798431396,0.3794722557067871,7.319450378417969e-05
'vungle.com.',30,7941,8,816,2.555277109146118,0.4436070919036865,9.202957153320312e-05
'liftoff.io.',67,257959,4,408,0.954503059387207,0.012240171432495117,2.5033950805664062e-05
'cdn-ilbanff.nitrocdn.com.',290,439157,4,624,14.560168027877808,0.008443117141723633,5.1975250244140625e-05
'js.hs-scripts.com.',21,8855,4,923,0.11428499221801758,0.013522148132324219,4.00543212890625e-05
'whatsapp.com.',33,6890,8,792,0.38654112815856934,0.04141879081726074,0.0001239776611328125
'www.whatsapp.com.',26,6335,4,551,0.9984760284423828,0.017518043518066406,4.00543212890625e-05
'whatsapp.net.',36,7053,8,792,0.3625640869140625,0.0699760913848877,0.00010204315185546875
'wikipedia.org.',36,8853,8,806,0.6994459629058838,0.20529770851135254,9.489059448242188e-05
'www.wikipedia.org.',83,90361,4,532,2.260794162750244,0.2991461753845215,4.410743713378906e-05
'en.wikipedia.org.',49,36095,4,526,1.4395179748535156,0.02685999870300293,5.507469177246094e-05
'windows.com.',16,1825,4,809,0.6042819023132324,0.09925699234008789,9.393692016601562e-05
'windows.microsoft.com.',21,6958,4,686,0.492293119430542,0.11712908744812012,5.1021575927734375e-05
'go.microsoft.com.',25,8022,4,922,0.6978790760040283,0.38570713996887207,6.413459777832031e-05
'windows.net.',21,1922,4,614,0.7961840629577637,0.22800302505493164,0.00010013580322265625
'windowsupdate.com.',4,308,4,308,0.03084588050842285,0.03084588050842285,0.00010800361633300781
'wsdvs.com.',4,276,4,276,0.26447319984436035,0.26447319984436035,7.605552673339844e-05
'xboxlive.com.',11,1345,4,628,0.526928186416626,0.06015610694885254,9.608268737792969e-05
'xiaomi.com.',20,1785,4,344,0.9078061580657959,0.07885599136352539,0.00011301040649414062
'www.mi.com.',26,11574,4,564,2.078847885131836,1.4650568962097168,7.081031799316406e-05
'i03.appmifile.com.',205,227629,4,542,2.910918951034546,0.022076129913330078,7.605552673339844e-05
'i01.appmifile.com.',121,206554,4,694,1.0561869144439697,0.04014182090759277,4.1961669921875e-05
'err.www.mi.com.',19,1914,4,907,10.334821939468384,0.27527809143066406,4.792213439941406e-05
'i02.appmifile.com.',32,11752,4,762,1.2248480319976807,0.4123830795288086,4.8160552978515625e-05
'browser.sentry-cdn.com.',41,95798,4,880,0.10134387016296387,0.012113809585571289,5.984306335449219e-05
'cdn.alsgp0.fds.api.mi-img.com.',38,67825,4,1010,0.4007408618927002,0.3077738285064697,4.982948303222656e-05
'yahoo.com.',34,8570,8,1740,1.6856598854064941,0.0752556324005127,8.392333984375e-05
'www.yahoo.com.',26,9627,4,807,0.23150300979614258,0.07602524757385254,5.316734313964844e-05
's.yimg.com.',179,1490363,4,966,2.1462931632995605,0.02021312713623047,3.719329833984375e-05
'consent.cmp.oath.com.',56,194232,4,590,0.11251688003540039,0.01744389533996582,4.38690185546875e-05
'edge-mcdn.secure.yahoo.com.',26,14742,4,836,0.07632708549499512,0.02250814437866211,4.410743713378906e-05
'yandex.net.',13,1696,4,382,1.0333812236785889,0.36929821968078613,9.417533874511719e-05
'ya.ru.',109,58346,16,1820,2.4357359409332275,0.03551340103149414,6.508827209472656e-05
'yastatic.net.',169,199258,4,464,1.4436371326446533,0.008382081985473633,3.814697265625e-05
'mc.yandex.ru.',30,7843,4,600,1.078794002532959,0.30446410179138184,3.910064697265625e-05
'yandex.ru.',13,2756,4,499,0.8082339763641357,0.26843714714050293,9.918212890625e-05
'dzen.ru.',20,7198,4,326,2.255293846130371,0.31198978424072266,4.57763671875e-05
'sso.passport.yandex.ru.',38,12821,4,466,1.9488849639892578,0.37299489974975586,2.3126602172851562e-05
'youtube.com.',37,11939,8,778,0.6082508563995361,0.12802672386169434,9.489059448242188e-05
'www.youtube.com.',794,9996770,6,2318,0.5877470970153809,0.03382611274719238,4.9114227294921875e-05
'ytimg.com.',6,384,4,276,0.09579205513000488,0.08231496810913086,7.295608520507812e-05
'yximgs.com.',13,1893,4,548,1.6352660655975342,0.5613741874694824,0.0001201629638671875
'zoom.us.',27,24889,4,361,0.7172091007232666,0.03242301940917969,5.3882598876953125e-05
'st1.zoom.us.',234,481111,4,860,36.658064126968384,0.03584599494934082,4.1961669921875e-05
'st3.zoom.us.',34,13084,4,860,1.0328538417816162,0.04857802391052246,5.602836608886719e-05
'st2.zoom.us.',76,338647,4,860,4.015530109405518,0.03509092330932617,9.512901306152344e-05
'explore.zoom.us.',189,1586088,4,760,0.6008391380310059,0.010456085205078125,4.00543212890625e-05
'www.zoom.com.',51,135971,4,396,1.164367914199829,0.045861005783081055,7.891654968261719e-05
'file-paa.zoom.us.',129,399778,4,768,10.767007112503052,0.010574102401733398,4.00543212890625e-05
'us01ccistatic.zoom.us.',49,87199,4,668,1.291538953781128,0.012190103530883789,5.698204040527344e-05
